timeid,fig_dataset,fig_no,oldstartdatetime,propeller_quotient
5097954,1,F04-1,2018-06-19 21:30:00,0.18
5098056,1,F04-1,2018-06-20 06:00:00,0.18
5098090,1,F04-1,2018-06-20 08:50:00,0.18
5098091,1,F04-1,2018-06-20 08:55:00,0.18
5098143,1,F04-1,2018-06-20 13:15:00,0.17
5098145,1,F04-1,2018-06-20 13:25:00,0.17
5098149,1,F04-1,2018-06-20 13:45:00,0.17
5098196,1,F04-1,2018-06-20 17:40:00,0.17
5098197,1,F04-1,2018-06-20 17:45:00,0.17
5098198,1,F04-1,2018-06-20 17:50:00,0.17
5098200,1,F04-1,2018-06-20 18:00:00,0.17
5098202,1,F04-1,2018-06-20 18:10:00,0.18
5098203,1,F04-1,2018-06-20 18:15:00,0.17
5098205,1,F04-1,2018-06-20 18:25:00,0.17
5098215,1,F04-1,2018-06-20 19:15:00,0.17
5098216,1,F04-1,2018-06-20 19:20:00,0.17
5098217,1,F04-1,2018-06-20 19:25:00,0.17
5098218,1,F04-1,2018-06-20 19:30:00,0.18
5098219,1,F04-1,2018-06-20 19:35:00,0.18
5098231,1,F04-1,2018-06-20 20:35:00,0.17
5098242,1,F04-1,2018-06-20 21:30:00,0.17
5098243,1,F04-1,2018-06-20 21:35:00,0.16
5098286,1,F04-1,2018-06-21 01:10:00,0.17
5098294,1,F04-1,2018-06-21 01:50:00,0.17
5098303,1,F04-1,2018-06-21 02:35:00,0.18
5098304,1,F04-1,2018-06-21 02:40:00,0.18
5098317,1,F04-1,2018-06-21 03:45:00,0.18
5098319,1,F04-1,2018-06-21 03:55:00,0.19
5098321,1,F04-1,2018-06-21 04:05:00,0.17
5098323,1,F04-1,2018-06-21 04:15:00,0.17
5098324,1,F04-1,2018-06-21 04:20:00,0.17
5098325,1,F04-1,2018-06-21 04:25:00,0.17
5098326,1,F04-1,2018-06-21 04:30:00,0.18
5098327,1,F04-1,2018-06-21 04:35:00,0.18
5098328,1,F04-1,2018-06-21 04:40:00,0.18
5098329,1,F04-1,2018-06-21 04:45:00,0.17
5098330,1,F04-1,2018-06-21 04:50:00,0.17
5098331,1,F04-1,2018-06-21 04:55:00,0.17
5098366,1,F04-1,2018-06-21 07:50:00,0.17
5098938,1,F04-1,2018-06-23 07:30:00,0.17
5102334,1,F04-1,2018-07-05 02:30:00,0.18
5102335,1,F04-1,2018-07-05 02:35:00,0.18
5102348,1,F04-1,2018-07-05 03:40:00,0.17
5102376,1,F04-1,2018-07-05 06:00:00,0.19
5102381,1,F04-1,2018-07-05 06:25:00,0.18
5102397,1,F04-1,2018-07-05 07:45:00,0.19
5102401,1,F04-1,2018-07-05 08:05:00,0.18
5102695,1,F04-1,2018-07-06 08:35:00,0.18
5102705,1,F04-1,2018-07-06 09:25:00,0.18
5102745,1,F04-1,2018-07-06 12:45:00,0.19
5102746,1,F04-1,2018-07-06 12:50:00,0.19
5102747,1,F04-1,2018-07-06 12:55:00,0.18
5102749,1,F04-1,2018-07-06 13:05:00,0.17
5102750,1,F04-1,2018-07-06 13:10:00,0.17
5102751,1,F04-1,2018-07-06 13:15:00,0.18
5102752,1,F04-1,2018-07-06 13:20:00,0.18
5102756,1,F04-1,2018-07-06 13:40:00,0.17
5102757,1,F04-1,2018-07-06 13:45:00,0.18
5102761,1,F04-1,2018-07-06 14:05:00,0.17
5102762,1,F04-1,2018-07-06 14:10:00,0.17
5102766,1,F04-1,2018-07-06 14:30:00,0.18
5102767,1,F04-1,2018-07-06 14:35:00,0.18
5102768,1,F04-1,2018-07-06 14:40:00,0.18
5102769,1,F04-1,2018-07-06 14:45:00,0.17
5102774,1,F04-1,2018-07-06 15:10:00,0.18
5102775,1,F04-1,2018-07-06 15:15:00,0.18
5102776,1,F04-1,2018-07-06 15:20:00,0.18
5102781,1,F04-1,2018-07-06 15:45:00,0.17
5102782,1,F04-1,2018-07-06 15:50:00,0.17
5102783,1,F04-1,2018-07-06 15:55:00,0.18
5102837,1,F04-1,2018-07-06 20:25:00,0.18
5102839,1,F04-1,2018-07-06 20:35:00,0.18
5102866,1,F04-1,2018-07-06 22:50:00,0.19
5102868,1,F04-1,2018-07-06 23:00:00,0.17
5102870,1,F04-1,2018-07-06 23:10:00,0.17
5103036,1,F04-1,2018-07-07 13:00:00,0.18
5103037,1,F04-1,2018-07-07 13:05:00,0.18
5103055,1,F04-1,2018-07-07 14:35:00,0.18
5103056,1,F04-1,2018-07-07 14:40:00,0.19
5103057,1,F04-1,2018-07-07 14:45:00,0.18
5103058,1,F04-1,2018-07-07 14:50:00,0.17
5103060,1,F04-1,2018-07-07 15:00:00,0.19
5103061,1,F04-1,2018-07-07 15:05:00,0.18
5103062,1,F04-1,2018-07-07 15:10:00,0.18
5103063,1,F04-1,2018-07-07 15:15:00,0.18
5103064,1,F04-1,2018-07-07 15:20:00,0.19
5103074,1,F04-1,2018-07-07 16:10:00,0.18
5103076,1,F04-1,2018-07-07 16:20:00,0.18
5103077,1,F04-1,2018-07-07 16:25:00,0.18
5103078,1,F04-1,2018-07-07 16:30:00,0.18
5103091,1,F04-1,2018-07-07 17:35:00,0.18
5103092,1,F04-1,2018-07-07 17:40:00,0.18
5103145,1,F04-1,2018-07-07 22:05:00,0.19
5103155,1,F04-1,2018-07-07 22:55:00,0.19
5103158,1,F04-1,2018-07-07 23:10:00,0.17
5103159,1,F04-1,2018-07-07 23:15:00,0.18
5103160,1,F04-1,2018-07-07 23:20:00,0.19
5103163,1,F04-1,2018-07-07 23:35:00,0.18
5103166,1,F04-1,2018-07-07 23:50:00,0.19
5103167,1,F04-1,2018-07-07 23:55:00,0.18
5103194,1,F04-1,2018-07-08 02:10:00,0.19
5103195,1,F04-1,2018-07-08 02:15:00,0.18
5103197,1,F04-1,2018-07-08 02:25:00,0.18
5103208,1,F04-1,2018-07-08 03:20:00,0.17
5103209,1,F04-1,2018-07-08 03:25:00,0.18
5103210,1,F04-1,2018-07-08 03:30:00,0.19
5103219,1,F04-1,2018-07-08 04:15:00,0.18
5103223,1,F04-1,2018-07-08 04:35:00,0.18
5103227,1,F04-1,2018-07-08 04:55:00,0.18
5103228,1,F04-1,2018-07-08 05:00:00,0.18
5103230,1,F04-1,2018-07-08 05:10:00,0.17
5103254,1,F04-1,2018-07-08 07:10:00,0.19
5103255,1,F04-1,2018-07-08 07:15:00,0.19
5103262,1,F04-1,2018-07-08 07:50:00,0.18
5103263,1,F04-1,2018-07-08 07:55:00,0.18
5103269,1,F04-1,2018-07-08 08:25:00,0.18
5103282,1,F04-1,2018-07-08 09:30:00,0.18
5103283,1,F04-1,2018-07-08 09:35:00,0.17
5103284,1,F04-1,2018-07-08 09:40:00,0.18
5103408,1,F04-1,2018-07-08 20:00:00,0.18
5103409,1,F04-1,2018-07-08 20:05:00,0.19
5103410,1,F04-1,2018-07-08 20:10:00,0.19
5104152,1,F04-1,2018-07-11 10:00:00,0.17
5105362,1,F04-1,2018-07-15 14:50:00,0.16
5105363,1,F04-1,2018-07-15 14:55:00,0.16
5105411,1,F04-1,2018-07-15 18:55:00,0.16
5105413,1,F04-1,2018-07-15 19:05:00,0.15
5105419,1,F04-1,2018-07-15 19:35:00,0.15
5105503,1,F04-1,2018-07-16 02:35:00,0.16
5105528,1,F04-1,2018-07-16 04:40:00,0.16
5105529,1,F04-1,2018-07-16 04:45:00,0.15
5105530,1,F04-1,2018-07-16 04:50:00,0.15
5105531,1,F04-1,2018-07-16 04:55:00,0.16
5105984,1,F04-1,2018-07-17 18:40:00,0.16
5106000,1,F04-1,2018-07-17 20:00:00,0.16
5106001,1,F04-1,2018-07-17 20:05:00,0.16
5106007,1,F04-1,2018-07-17 20:35:00,0.15
5106008,1,F04-1,2018-07-17 20:40:00,0.16
5106010,1,F04-1,2018-07-17 20:50:00,0.17
5106011,1,F04-1,2018-07-17 20:55:00,0.15
5106012,1,F04-1,2018-07-17 21:00:00,0.16
5106016,1,F04-1,2018-07-17 21:20:00,0.16
5106017,1,F04-1,2018-07-17 21:25:00,0.16
5106023,1,F04-1,2018-07-17 21:55:00,0.16
5106024,1,F04-1,2018-07-17 22:00:00,0.17
5106032,1,F04-1,2018-07-17 22:40:00,0.16
5106035,1,F04-1,2018-07-17 22:55:00,0.16
5106088,1,F04-1,2018-07-18 03:20:00,0.15
5106127,1,F04-1,2018-07-18 06:35:00,0.17
5106129,1,F04-1,2018-07-18 06:45:00,0.15
5106130,1,F04-1,2018-07-18 06:50:00,0.15
5106137,1,F04-1,2018-07-18 07:25:00,0.16
5106139,1,F04-1,2018-07-18 07:35:00,0.16
5106146,1,F04-1,2018-07-18 08:10:00,0.15
5106169,1,F04-1,2018-07-18 10:05:00,0.15
5106237,1,F04-1,2018-07-18 15:45:00,0.17
5106250,1,F04-1,2018-07-18 16:50:00,0.16
5106252,1,F04-1,2018-07-18 17:00:00,0.16
5106254,1,F04-1,2018-07-18 17:10:00,0.15
5106256,1,F04-1,2018-07-18 17:20:00,0.15
5106257,1,F04-1,2018-07-18 17:25:00,0.15
5106258,1,F04-1,2018-07-18 17:30:00,0.16
5106278,1,F04-1,2018-07-18 19:10:00,0.17
5106281,1,F04-1,2018-07-18 19:25:00,0.16
5106284,1,F04-1,2018-07-18 19:40:00,0.16
5106285,1,F04-1,2018-07-18 19:45:00,0.15
5106286,1,F04-1,2018-07-18 19:50:00,0.15
5106313,1,F04-1,2018-07-18 22:05:00,0.16
5106314,1,F04-1,2018-07-18 22:10:00,0.16
5106759,1,F04-1,2018-07-20 11:15:00,0.16
5106768,1,F04-1,2018-07-20 12:00:00,0.16
5106771,1,F04-1,2018-07-20 12:15:00,0.15
5106772,1,F04-1,2018-07-20 12:20:00,0.16
5106774,1,F04-1,2018-07-20 12:30:00,0.16
5106775,1,F04-1,2018-07-20 12:35:00,0.16
5106777,1,F04-1,2018-07-20 12:45:00,0.16
5106778,1,F04-1,2018-07-20 12:50:00,0.16
5106782,1,F04-1,2018-07-20 13:10:00,0.15
5106784,1,F04-1,2018-07-20 13:20:00,0.16
5106785,1,F04-1,2018-07-20 13:25:00,0.16
5106797,1,F04-1,2018-07-20 14:25:00,0.16
5106798,1,F04-1,2018-07-20 14:30:00,0.16
5106800,1,F04-1,2018-07-20 14:40:00,0.16
5106803,1,F04-1,2018-07-20 14:55:00,0.15
5106804,1,F04-1,2018-07-20 15:00:00,0.15
5106805,1,F04-1,2018-07-20 15:05:00,0.15
5106806,1,F04-1,2018-07-20 15:10:00,0.16
5106807,1,F04-1,2018-07-20 15:15:00,0.16
5106814,1,F04-1,2018-07-20 15:50:00,0.17
5106815,1,F04-1,2018-07-20 15:55:00,0.16
5106821,1,F04-1,2018-07-20 16:25:00,0.16
5106828,1,F04-1,2018-07-20 17:00:00,0.15
5106829,1,F04-1,2018-07-20 17:05:00,0.17
5106831,1,F04-1,2018-07-20 17:15:00,0.17
5106832,1,F04-1,2018-07-20 17:20:00,0.16
5106833,1,F04-1,2018-07-20 17:25:00,0.16
5106843,1,F04-1,2018-07-20 18:15:00,0.17
5106844,1,F04-1,2018-07-20 18:20:00,0.15
5106851,1,F04-1,2018-07-20 18:55:00,0.16
5106852,1,F04-1,2018-07-20 19:00:00,0.15
5106854,1,F04-1,2018-07-20 19:10:00,0.16
5106856,1,F04-1,2018-07-20 19:20:00,0.16
5106857,1,F04-1,2018-07-20 19:25:00,0.15
5106858,1,F04-1,2018-07-20 19:30:00,0.15
5106861,1,F04-1,2018-07-20 19:45:00,0.16
5106863,1,F04-1,2018-07-20 19:55:00,0.15
5106864,1,F04-1,2018-07-20 20:00:00,0.15
5106866,1,F04-1,2018-07-20 20:10:00,0.16
5106867,1,F04-1,2018-07-20 20:15:00,0.16
5106868,1,F04-1,2018-07-20 20:20:00,0.16
5106869,1,F04-1,2018-07-20 20:25:00,0.15
5106870,1,F04-1,2018-07-20 20:30:00,0.15
5106872,1,F04-1,2018-07-20 20:40:00,0.15
5106873,1,F04-1,2018-07-20 20:45:00,0.16
5106874,1,F04-1,2018-07-20 20:50:00,0.16
5106885,1,F04-1,2018-07-20 21:45:00,0.17
5106886,1,F04-1,2018-07-20 21:50:00,0.16
5106887,1,F04-1,2018-07-20 21:55:00,0.15
5106888,1,F04-1,2018-07-20 22:00:00,0.15
5106889,1,F04-1,2018-07-20 22:05:00,0.16
5106890,1,F04-1,2018-07-20 22:10:00,0.17
5106895,1,F04-1,2018-07-20 22:35:00,0.16
5106896,1,F04-1,2018-07-20 22:40:00,0.16
5106914,1,F04-1,2018-07-21 00:10:00,0.15
5106918,1,F04-1,2018-07-21 00:30:00,0.16
5106934,1,F04-1,2018-07-21 01:50:00,0.16
5107278,1,F04-1,2018-07-22 06:30:00,0.16
5108017,1,F04-1,2018-07-24 20:05:00,0.16
5108036,1,F04-1,2018-07-24 21:40:00,0.16
5108067,1,F04-1,2018-07-25 00:15:00,0.15
5108068,1,F04-1,2018-07-25 00:20:00,0.15
5108069,1,F04-1,2018-07-25 00:25:00,0.15
5108073,1,F04-1,2018-07-25 00:45:00,0.16
5108074,1,F04-1,2018-07-25 00:50:00,0.16
5108075,1,F04-1,2018-07-25 00:55:00,0.16
5108078,1,F04-1,2018-07-25 01:10:00,0.15
5108079,1,F04-1,2018-07-25 01:15:00,0.16
5108083,1,F04-1,2018-07-25 01:35:00,0.16
5108085,1,F04-1,2018-07-25 01:45:00,0.16
5108087,1,F04-1,2018-07-25 01:55:00,0.16
5108088,1,F04-1,2018-07-25 02:00:00,0.17
5108090,1,F04-1,2018-07-25 02:10:00,0.16
5108092,1,F04-1,2018-07-25 02:20:00,0.16
5108094,1,F04-1,2018-07-25 02:30:00,0.16
5108103,1,F04-1,2018-07-25 03:15:00,0.15
5108104,1,F04-1,2018-07-25 03:20:00,0.15
5108105,1,F04-1,2018-07-25 03:25:00,0.16
5108114,1,F04-1,2018-07-25 04:10:00,0.15
5108115,1,F04-1,2018-07-25 04:15:00,0.16
5108118,1,F04-1,2018-07-25 04:30:00,0.16
5108124,1,F04-1,2018-07-25 05:00:00,0.15
5108142,1,F04-1,2018-07-25 06:30:00,0.16
5108144,1,F04-1,2018-07-25 06:40:00,0.15
5108147,1,F04-1,2018-07-25 06:55:00,0.15
5108150,1,F04-1,2018-07-25 07:10:00,0.15
5108153,1,F04-1,2018-07-25 07:25:00,0.15
5108162,1,F04-1,2018-07-25 08:10:00,0.15
5108164,1,F04-1,2018-07-25 08:20:00,0.15
5108181,1,F04-1,2018-07-25 09:45:00,0.15
5108193,1,F04-1,2018-07-25 10:45:00,0.16
5108198,1,F04-1,2018-07-25 11:10:00,0.15
5108221,1,F04-1,2018-07-25 13:05:00,0.16
5108224,1,F04-1,2018-07-25 13:20:00,0.16
5108225,1,F04-1,2018-07-25 13:25:00,0.15
5108229,1,F04-1,2018-07-25 13:45:00,0.15
5108231,1,F04-1,2018-07-25 13:55:00,0.15
5108232,1,F04-1,2018-07-25 14:00:00,0.15
5108235,1,F04-1,2018-07-25 14:15:00,0.16
5108244,1,F04-1,2018-07-25 15:00:00,0.15
5108245,1,F04-1,2018-07-25 15:05:00,0.15
5108247,1,F04-1,2018-07-25 15:15:00,0.15
5108250,1,F04-1,2018-07-25 15:30:00,0.16
5108301,1,F04-1,2018-07-25 19:45:00,0.16
5108333,1,F04-1,2018-07-25 22:25:00,0.15
5108334,1,F04-1,2018-07-25 22:30:00,0.15
5108335,1,F04-1,2018-07-25 22:35:00,0.15
5108336,1,F04-1,2018-07-25 22:40:00,0.15
5108337,1,F04-1,2018-07-25 22:45:00,0.15
5108338,1,F04-1,2018-07-25 22:50:00,0.15
5108339,1,F04-1,2018-07-25 22:55:00,0.15
5108353,1,F04-1,2018-07-26 00:05:00,0.16
5108355,1,F04-1,2018-07-26 00:15:00,0.15
5108356,1,F04-1,2018-07-26 00:20:00,0.15
5108358,1,F04-1,2018-07-26 00:30:00,0.15
5108367,1,F04-1,2018-07-26 01:15:00,0.16
5108368,1,F04-1,2018-07-26 01:20:00,0.16
5108369,1,F04-1,2018-07-26 01:25:00,0.15
5108376,1,F04-1,2018-07-26 02:00:00,0.15
5108382,1,F04-1,2018-07-26 02:30:00,0.15
5108393,1,F04-1,2018-07-26 03:25:00,0.16
5108394,1,F04-1,2018-07-26 03:30:00,0.16
5108396,1,F04-1,2018-07-26 03:40:00,0.16
5108397,1,F04-1,2018-07-26 03:45:00,0.16
5108400,1,F04-1,2018-07-26 04:00:00,0.15
5108401,1,F04-1,2018-07-26 04:05:00,0.15
5108402,1,F04-1,2018-07-26 04:10:00,0.15
5108403,1,F04-1,2018-07-26 04:15:00,0.17
5108404,1,F04-1,2018-07-26 04:20:00,0.17
5108405,1,F04-1,2018-07-26 04:25:00,0.16
5108420,1,F04-1,2018-07-26 05:40:00,0.15
5108426,1,F04-1,2018-07-26 06:10:00,0.16
5108428,1,F04-1,2018-07-26 06:20:00,0.16
5108496,1,F04-1,2018-07-26 12:00:00,0.15
5108498,1,F04-1,2018-07-26 12:10:00,0.16
5108499,1,F04-1,2018-07-26 12:15:00,0.15
5108503,1,F04-1,2018-07-26 12:35:00,0.16
5108522,1,F04-1,2018-07-26 14:10:00,0.16
5108526,1,F04-1,2018-07-26 14:30:00,0.17
5108527,1,F04-1,2018-07-26 14:35:00,0.17
5108528,1,F04-1,2018-07-26 14:40:00,0.16
5108529,1,F04-1,2018-07-26 14:45:00,0.15
5108530,1,F04-1,2018-07-26 14:50:00,0.15
5108546,1,F04-1,2018-07-26 16:10:00,0.16
5109593,1,F04-1,2018-07-30 07:25:00,0.16
5109594,1,F04-1,2018-07-30 07:30:00,0.16
5109595,1,F04-1,2018-07-30 07:35:00,0.16
5109605,1,F04-1,2018-07-30 08:25:00,0.16
5109606,1,F04-1,2018-07-30 08:30:00,0.16
5109607,1,F04-1,2018-07-30 08:35:00,0.16
5109608,1,F04-1,2018-07-30 08:40:00,0.18
5109609,1,F04-1,2018-07-30 08:45:00,0.18
5109911,1,F04-1,2018-07-31 09:55:00,0.17
5109912,1,F04-1,2018-07-31 10:00:00,0.16
5109913,1,F04-1,2018-07-31 10:05:00,0.16
5109914,1,F04-1,2018-07-31 10:10:00,0.16
5109926,1,F04-1,2018-07-31 11:10:00,0.17
5109927,1,F04-1,2018-07-31 11:15:00,0.18
5109928,1,F04-1,2018-07-31 11:20:00,0.18
5109932,1,F04-1,2018-07-31 11:40:00,0.17
5109939,1,F04-1,2018-07-31 12:15:00,0.16
5109941,1,F04-1,2018-07-31 12:25:00,0.17
5109942,1,F04-1,2018-07-31 12:30:00,0.16
5109943,1,F04-1,2018-07-31 12:35:00,0.16
5109944,1,F04-1,2018-07-31 12:40:00,0.17
5109945,1,F04-1,2018-07-31 12:45:00,0.17
5109948,1,F04-1,2018-07-31 13:00:00,0.17
5109949,1,F04-1,2018-07-31 13:05:00,0.16
5110009,1,F04-1,2018-07-31 18:05:00,0.17
5110010,1,F04-1,2018-07-31 18:10:00,0.17
5110011,1,F04-1,2018-07-31 18:15:00,0.17
5110020,1,F04-1,2018-07-31 19:00:00,0.17
5110021,1,F04-1,2018-07-31 19:05:00,0.16
5110130,1,F04-1,2018-08-01 04:10:00,0.17
5110137,1,F04-1,2018-08-01 04:45:00,0.16
5110144,1,F04-1,2018-08-01 05:20:00,0.16
5110145,1,F04-1,2018-08-01 05:25:00,0.17
5110161,1,F04-1,2018-08-01 06:45:00,0.18
5110253,1,F04-1,2018-08-01 14:25:00,0.18
5110303,1,F04-1,2018-08-01 18:35:00,0.16
5110380,1,F04-1,2018-08-02 01:00:00,0.17
5110400,1,F04-1,2018-08-02 02:40:00,0.17
5110402,1,F04-1,2018-08-02 02:50:00,0.16
5110403,1,F04-1,2018-08-02 02:55:00,0.17
5110408,1,F04-1,2018-08-02 03:20:00,0.16
5110485,1,F04-1,2018-08-02 09:45:00,0.17
5110505,1,F04-1,2018-08-02 11:25:00,0.15
5110512,1,F04-1,2018-08-02 12:00:00,0.17
5110513,1,F04-1,2018-08-02 12:05:00,0.17
5110514,1,F04-1,2018-08-02 12:10:00,0.17
5110517,1,F04-1,2018-08-02 12:25:00,0.16
5110535,1,F04-1,2018-08-02 13:55:00,0.16
5110566,1,F04-1,2018-08-02 16:30:00,0.17
5111235,1,F04-1,2018-08-05 00:15:00,0.15
5111236,1,F04-1,2018-08-05 00:20:00,0.15
5111237,1,F04-1,2018-08-05 00:25:00,0.16
5111263,1,F04-1,2018-08-05 02:35:00,0.16
5111264,1,F04-1,2018-08-05 02:40:00,0.16
5111265,1,F04-1,2018-08-05 02:45:00,0.16
5111271,1,F04-1,2018-08-05 03:15:00,0.17
5111272,1,F04-1,2018-08-05 03:20:00,0.17
5111274,1,F04-1,2018-08-05 03:30:00,0.16
5111275,1,F04-1,2018-08-05 03:35:00,0.15
5111276,1,F04-1,2018-08-05 03:40:00,0.17
5111517,1,F04-1,2018-08-05 23:45:00,0.16
5111518,1,F04-1,2018-08-05 23:50:00,0.17
5111519,1,F04-1,2018-08-05 23:55:00,0.16
5111520,1,F04-1,2018-08-06 00:00:00,0.16
5111535,1,F04-1,2018-08-06 01:15:00,0.16
5111536,1,F04-1,2018-08-06 01:20:00,0.16
5111541,1,F04-1,2018-08-06 01:45:00,0.17
5111644,1,F04-1,2018-08-06 10:20:00,0.17
5111661,1,F04-1,2018-08-06 11:45:00,0.16
5111662,1,F04-1,2018-08-06 11:50:00,0.17
5111663,1,F04-1,2018-08-06 11:55:00,0.17
5111664,1,F04-1,2018-08-06 12:00:00,0.17
5111665,1,F04-1,2018-08-06 12:05:00,0.16
5111669,1,F04-1,2018-08-06 12:25:00,0.17
5111670,1,F04-1,2018-08-06 12:30:00,0.16
5111671,1,F04-1,2018-08-06 12:35:00,0.16
5111672,1,F04-1,2018-08-06 12:40:00,0.15
5111673,1,F04-1,2018-08-06 12:45:00,0.16
5111964,1,F04-1,2018-08-07 13:00:00,0.16
5111965,1,F04-1,2018-08-07 13:05:00,0.16
5112412,1,F04-1,2018-08-09 02:20:00,0.16
5112414,1,F04-1,2018-08-09 02:30:00,0.15
5112418,1,F04-1,2018-08-09 02:50:00,0.16
5112419,1,F04-1,2018-08-09 02:55:00,0.16
5112448,1,F04-1,2018-08-09 05:20:00,0.18
5112449,1,F04-1,2018-08-09 05:25:00,0.17
5112457,1,F04-1,2018-08-09 06:05:00,0.15
5112458,1,F04-1,2018-08-09 06:10:00,0.16
5112459,1,F04-1,2018-08-09 06:15:00,0.16
5112460,1,F04-1,2018-08-09 06:20:00,0.16
5113096,1,F04-1,2018-08-11 11:20:00,0.15
5113122,1,F04-1,2018-08-11 13:30:00,0.15
5113123,1,F04-1,2018-08-11 13:35:00,0.15
5113125,1,F04-1,2018-08-11 13:45:00,0.15
5113126,1,F04-1,2018-08-11 13:50:00,0.15
5113127,1,F04-1,2018-08-11 13:55:00,0.15
5113128,1,F04-1,2018-08-11 14:00:00,0.15
5113129,1,F04-1,2018-08-11 14:05:00,0.15
5113130,1,F04-1,2018-08-11 14:10:00,0.15
5113132,1,F04-1,2018-08-11 14:20:00,0.15
5113134,1,F04-1,2018-08-11 14:30:00,0.15
5113137,1,F04-1,2018-08-11 14:45:00,0.15
5113140,1,F04-1,2018-08-11 15:00:00,0.15
5113142,1,F04-1,2018-08-11 15:10:00,0.15
5113145,1,F04-1,2018-08-11 15:25:00,0.15
5113146,1,F04-1,2018-08-11 15:30:00,0.15
5113147,1,F04-1,2018-08-11 15:35:00,0.16
5113466,1,F04-1,2018-08-12 18:10:00,0.15
5113467,1,F04-1,2018-08-12 18:15:00,0.15
5113643,1,F04-1,2018-08-13 08:55:00,0.15
5113644,1,F04-1,2018-08-13 09:00:00,0.17
5113666,1,F04-1,2018-08-13 10:50:00,0.16
5113668,1,F04-1,2018-08-13 11:00:00,0.17
5113669,1,F04-1,2018-08-13 11:05:00,0.16
5113674,1,F04-1,2018-08-13 11:30:00,0.17
5113679,1,F04-1,2018-08-13 11:55:00,0.17
5113693,1,F04-1,2018-08-13 13:05:00,0.16
5113694,1,F04-1,2018-08-13 13:10:00,0.16
5113695,1,F04-1,2018-08-13 13:15:00,0.17
5114388,1,F04-1,2018-08-15 23:00:00,0.19
5114389,1,F04-1,2018-08-15 23:05:00,0.18
5114390,1,F04-1,2018-08-15 23:10:00,0.17
5114393,1,F04-1,2018-08-15 23:25:00,0.2
5115774,1,F04-1,2018-08-20 18:30:00,0.22
5115775,1,F04-1,2018-08-20 18:35:00,0.23
5115777,1,F04-1,2018-08-20 18:45:00,0.24
5115847,1,F04-1,2018-08-21 00:35:00,0.2
5115848,1,F04-1,2018-08-21 00:40:00,0.2
5115854,1,F04-1,2018-08-21 01:10:00,0.24
5115857,1,F04-1,2018-08-21 01:25:00,0.2
5115863,1,F04-1,2018-08-21 01:55:00,0.19
5115876,1,F04-1,2018-08-21 03:00:00,0.22
5115879,1,F04-1,2018-08-21 03:15:00,0.21
5115883,1,F04-1,2018-08-21 03:35:00,0.2
5115886,1,F04-1,2018-08-21 03:50:00,0.21
5115888,1,F04-1,2018-08-21 04:00:00,0.17
5115944,1,F04-1,2018-08-21 08:40:00,0.19
5115946,1,F04-1,2018-08-21 08:50:00,0.18
5116005,1,F04-1,2018-08-21 13:45:00,0.2
5116013,1,F04-1,2018-08-21 14:25:00,0.23
5116018,1,F04-1,2018-08-21 14:50:00,0.25
5116192,1,F04-1,2018-08-22 05:20:00,0.16
5116199,1,F04-1,2018-08-22 05:55:00,0.23
5116200,1,F04-1,2018-08-22 06:00:00,0.17
5116239,1,F04-1,2018-08-22 09:15:00,0.18
5116351,1,F04-1,2018-08-22 18:35:00,0.18
5116352,1,F04-1,2018-08-22 18:40:00,0.21
5116436,1,F04-1,2018-08-23 01:40:00,0.18
5116437,1,F04-1,2018-08-23 01:45:00,0.16
5116438,1,F04-1,2018-08-23 01:50:00,0.18
5116440,1,F04-1,2018-08-23 02:00:00,0.18
5116441,1,F04-1,2018-08-23 02:05:00,0.18
5116442,1,F04-1,2018-08-23 02:10:00,0.18
5116444,1,F04-1,2018-08-23 02:20:00,0.21
5116466,1,F04-1,2018-08-23 04:10:00,0.18
5116468,1,F04-1,2018-08-23 04:20:00,0.22
5116469,1,F04-1,2018-08-23 04:25:00,0.19
5116470,1,F04-1,2018-08-23 04:30:00,0.21
5116471,1,F04-1,2018-08-23 04:35:00,0.2
5116477,1,F04-1,2018-08-23 05:05:00,0.21
5116480,1,F04-1,2018-08-23 05:20:00,0.15
5116484,1,F04-1,2018-08-23 05:40:00,0.16
5116485,1,F04-1,2018-08-23 05:45:00,0.17
5116492,1,F04-1,2018-08-23 06:20:00,0.21
5116493,1,F04-1,2018-08-23 06:25:00,0.2
5116506,1,F04-1,2018-08-23 07:30:00,0.18
5116507,1,F04-1,2018-08-23 07:35:00,0.22
5116508,1,F04-1,2018-08-23 07:40:00,0.23
5116642,1,F04-1,2018-08-23 18:50:00,0.22
5116644,1,F04-1,2018-08-23 19:00:00,0.22
5116646,1,F04-1,2018-08-23 19:10:00,0.2
5116647,1,F04-1,2018-08-23 19:15:00,0.22
5116893,1,F04-1,2018-08-24 15:45:00,0.22
5117913,1,F04-1,2018-08-28 04:45:00,0.22
5118103,1,F04-1,2018-08-28 20:35:00,0.22
5118104,1,F04-1,2018-08-28 20:40:00,0.21
5118109,1,F04-1,2018-08-28 21:05:00,0.37
5118267,1,F04-1,2018-08-29 10:15:00,0.17
5118270,1,F04-1,2018-08-29 10:30:00,0.18
5118284,1,F04-1,2018-08-29 11:40:00,0.17
5118287,1,F04-1,2018-08-29 11:55:00,0.18
5118289,1,F04-1,2018-08-29 12:05:00,0.19
5118293,1,F04-1,2018-08-29 12:25:00,0.18
5118294,1,F04-1,2018-08-29 12:30:00,0.18
5118310,1,F04-1,2018-08-29 13:50:00,0.17
5118332,1,F04-1,2018-08-29 15:40:00,0.18
5118337,1,F04-1,2018-08-29 16:05:00,0.17
5118339,1,F04-1,2018-08-29 16:15:00,0.17
5118340,1,F04-1,2018-08-29 16:20:00,0.18
5118342,1,F04-1,2018-08-29 16:30:00,0.17
5118343,1,F04-1,2018-08-29 16:35:00,0.17
5118344,1,F04-1,2018-08-29 16:40:00,0.18
5118357,1,F04-1,2018-08-29 17:45:00,0.18
5118358,1,F04-1,2018-08-29 17:50:00,0.17
5118361,1,F04-1,2018-08-29 18:05:00,0.18
5118369,1,F04-1,2018-08-29 18:45:00,0.18
5118384,1,F04-1,2018-08-29 20:00:00,0.17
5118388,1,F04-1,2018-08-29 20:20:00,0.18
5118390,1,F04-1,2018-08-29 20:30:00,0.18
5118402,1,F04-1,2018-08-29 21:30:00,0.17
5118405,1,F04-1,2018-08-29 21:45:00,0.17
5118423,1,F04-1,2018-08-29 23:15:00,0.18
5118426,1,F04-1,2018-08-29 23:30:00,0.18
5118430,1,F04-1,2018-08-29 23:50:00,0.19
5118438,1,F04-1,2018-08-30 00:30:00,0.17
5118469,1,F04-1,2018-08-30 03:05:00,0.18
5118503,1,F04-1,2018-08-30 05:55:00,0.17
5118504,1,F04-1,2018-08-30 06:00:00,0.18
5118505,1,F04-1,2018-08-30 06:05:00,0.16
5118506,1,F04-1,2018-08-30 06:10:00,0.17
5118511,1,F04-1,2018-08-30 06:35:00,0.17
5118512,1,F04-1,2018-08-30 06:40:00,0.17
5118513,1,F04-1,2018-08-30 06:45:00,0.18
5118515,1,F04-1,2018-08-30 06:55:00,0.18
5118520,1,F04-1,2018-08-30 07:20:00,0.17
5118522,1,F04-1,2018-08-30 07:30:00,0.18
5118531,1,F04-1,2018-08-30 08:15:00,0.17
5118540,1,F04-1,2018-08-30 09:00:00,0.18
5118542,1,F04-1,2018-08-30 09:10:00,0.17
5118543,1,F04-1,2018-08-30 09:15:00,0.17
5118552,1,F04-1,2018-08-30 10:00:00,0.18
5118561,1,F04-1,2018-08-30 10:45:00,0.17
5118563,1,F04-1,2018-08-30 10:55:00,0.17
5118565,1,F04-1,2018-08-30 11:05:00,0.17
5118566,1,F04-1,2018-08-30 11:10:00,0.17
5118722,1,F04-1,2018-08-31 00:10:00,0.18
5118723,1,F04-1,2018-08-31 00:15:00,0.18
5118724,1,F04-1,2018-08-31 00:20:00,0.17
5118727,1,F04-1,2018-08-31 00:35:00,0.17
5118729,1,F04-1,2018-08-31 00:45:00,0.17
5118730,1,F04-1,2018-08-31 00:50:00,0.17
5118731,1,F04-1,2018-08-31 00:55:00,0.17
5118754,1,F04-1,2018-08-31 02:50:00,0.17
5118755,1,F04-1,2018-08-31 02:55:00,0.17
5119027,1,F04-1,2018-09-01 01:35:00,0.17
5119030,1,F04-1,2018-09-01 01:50:00,0.17
5128188,2,F04-1,2018-10-02 21:00:00,0.19
5128197,2,F04-1,2018-10-02 21:45:00,0.2
5128198,2,F04-1,2018-10-02 21:50:00,0.19
5128200,2,F04-1,2018-10-02 22:00:00,0.19
5128242,2,F04-1,2018-10-03 01:30:00,0.18
5128275,2,F04-1,2018-10-03 04:15:00,0.2
5128725,2,F04-1,2018-10-04 17:45:00,0.17
5128772,2,F04-1,2018-10-04 21:40:00,0.18
5128775,2,F04-1,2018-10-04 21:55:00,0.19
5128776,2,F04-1,2018-10-04 22:00:00,0.19
5128779,2,F04-1,2018-10-04 22:15:00,0.18
5128816,2,F04-1,2018-10-05 01:20:00,0.18
5128832,2,F04-1,2018-10-05 02:40:00,0.18
5128847,2,F04-1,2018-10-05 03:55:00,0.18
5128850,2,F04-1,2018-10-05 04:10:00,0.18
5128942,2,F04-1,2018-10-05 11:50:00,0.18
5128943,2,F04-1,2018-10-05 11:55:00,0.18
5128953,2,F04-1,2018-10-05 12:45:00,0.18
5128978,2,F04-1,2018-10-05 14:50:00,0.18
5128981,2,F04-1,2018-10-05 15:05:00,0.18
5128987,2,F04-1,2018-10-05 15:35:00,0.18
5128990,2,F04-1,2018-10-05 15:50:00,0.18
5129032,2,F04-1,2018-10-05 19:20:00,0.18
5129034,2,F04-1,2018-10-05 19:30:00,0.18
5129046,2,F04-1,2018-10-05 20:30:00,0.18
5129047,2,F04-1,2018-10-05 20:35:00,0.18
5129048,2,F04-1,2018-10-05 20:40:00,0.18
5129050,2,F04-1,2018-10-05 20:50:00,0.18
5129087,2,F04-1,2018-10-05 23:55:00,0.18
5129089,2,F04-1,2018-10-06 00:05:00,0.18
5129090,2,F04-1,2018-10-06 00:10:00,0.18
5129092,2,F04-1,2018-10-06 00:20:00,0.17
5129094,2,F04-1,2018-10-06 00:30:00,0.17
5129096,2,F04-1,2018-10-06 00:40:00,0.19
5129099,2,F04-1,2018-10-06 00:55:00,0.17
5129112,2,F04-1,2018-10-06 02:00:00,0.18
5129113,2,F04-1,2018-10-06 02:05:00,0.18
5129114,2,F04-1,2018-10-06 02:10:00,0.18
5129152,2,F04-1,2018-10-06 05:20:00,0.18
5129153,2,F04-1,2018-10-06 05:25:00,0.18
5129156,2,F04-1,2018-10-06 05:40:00,0.18
5129163,2,F04-1,2018-10-06 06:15:00,0.18
5129172,2,F04-1,2018-10-06 07:00:00,0.18
5129173,2,F04-1,2018-10-06 07:05:00,0.18
5129205,2,F04-1,2018-10-06 09:45:00,0.18
5129208,2,F04-1,2018-10-06 10:00:00,0.18
5129209,2,F04-1,2018-10-06 10:05:00,0.18
5129232,2,F04-1,2018-10-06 12:00:00,0.18
5129233,2,F04-1,2018-10-06 12:05:00,0.18
5129234,2,F04-1,2018-10-06 12:10:00,0.18
5129235,2,F04-1,2018-10-06 12:15:00,0.18
5129237,2,F04-1,2018-10-06 12:25:00,0.18
5129239,2,F04-1,2018-10-06 12:35:00,0.19
5129240,2,F04-1,2018-10-06 12:40:00,0.18
5129242,2,F04-1,2018-10-06 12:50:00,0.18
5129243,2,F04-1,2018-10-06 12:55:00,0.19
5129253,2,F04-1,2018-10-06 13:45:00,0.18
5129254,2,F04-1,2018-10-06 13:50:00,0.18
5129256,2,F04-1,2018-10-06 14:00:00,0.19
5129259,2,F04-1,2018-10-06 14:15:00,0.18
5129260,2,F04-1,2018-10-06 14:20:00,0.18
5129262,2,F04-1,2018-10-06 14:30:00,0.18
5129266,2,F04-1,2018-10-06 14:50:00,0.19
5129267,2,F04-1,2018-10-06 14:55:00,0.18
5129271,2,F04-1,2018-10-06 15:15:00,0.18
5129290,2,F04-1,2018-10-06 16:50:00,0.17
5129291,2,F04-1,2018-10-06 16:55:00,0.18
5129294,2,F04-1,2018-10-06 17:10:00,0.18
5129296,2,F04-1,2018-10-06 17:20:00,0.18
5129297,2,F04-1,2018-10-06 17:25:00,0.18
5129301,2,F04-1,2018-10-06 17:45:00,0.18
5129435,2,F04-1,2018-10-07 04:55:00,0.18
5129437,2,F04-1,2018-10-07 05:05:00,0.18
5129438,2,F04-1,2018-10-07 05:10:00,0.18
5129484,2,F04-1,2018-10-07 09:00:00,0.18
5129487,2,F04-1,2018-10-07 09:15:00,0.18
5129490,2,F04-1,2018-10-07 09:30:00,0.17
5129514,2,F04-1,2018-10-07 11:30:00,0.18
5129515,2,F04-1,2018-10-07 11:35:00,0.18
5129520,2,F04-1,2018-10-07 12:00:00,0.19
5129521,2,F04-1,2018-10-07 12:05:00,0.18
5129522,2,F04-1,2018-10-07 12:10:00,0.18
5129523,2,F04-1,2018-10-07 12:15:00,0.18
5129524,2,F04-1,2018-10-07 12:20:00,0.18
5129525,2,F04-1,2018-10-07 12:25:00,0.18
5129601,2,F04-1,2018-10-07 18:45:00,0.18
5129604,2,F04-1,2018-10-07 19:00:00,0.18
5129605,2,F04-1,2018-10-07 19:05:00,0.18
5129607,2,F04-1,2018-10-07 19:15:00,0.18
5129608,2,F04-1,2018-10-07 19:20:00,0.18
5129609,2,F04-1,2018-10-07 19:25:00,0.18
5129610,2,F04-1,2018-10-07 19:30:00,0.18
5129611,2,F04-1,2018-10-07 19:35:00,0.18
5129614,2,F04-1,2018-10-07 19:50:00,0.17
5129615,2,F04-1,2018-10-07 19:55:00,0.17
5129622,2,F04-1,2018-10-07 20:30:00,0.18
5129631,2,F04-1,2018-10-07 21:15:00,0.17
5129632,2,F04-1,2018-10-07 21:20:00,0.17
5129930,2,F04-1,2018-10-08 22:10:00,0.18
5129931,2,F04-1,2018-10-08 22:15:00,0.17
5129949,2,F04-1,2018-10-08 23:45:00,0.18
5130154,2,F04-1,2018-10-09 16:50:00,0.18
5130155,2,F04-1,2018-10-09 16:55:00,0.17
5130158,2,F04-1,2018-10-09 17:10:00,0.18
5130160,2,F04-1,2018-10-09 17:20:00,0.17
5130162,2,F04-1,2018-10-09 17:30:00,0.18
5130164,2,F04-1,2018-10-09 17:40:00,0.18
5130167,2,F04-1,2018-10-09 17:55:00,0.18
5130171,2,F04-1,2018-10-09 18:15:00,0.17
5130207,2,F04-1,2018-10-09 21:15:00,0.17
5130208,2,F04-1,2018-10-09 21:20:00,0.17
5130210,2,F04-1,2018-10-09 21:30:00,0.17
5130211,2,F04-1,2018-10-09 21:35:00,0.17
5130250,2,F04-1,2018-10-10 00:50:00,0.19
5130251,2,F04-1,2018-10-10 00:55:00,0.18
5130253,2,F04-1,2018-10-10 01:05:00,0.18
5130255,2,F04-1,2018-10-10 01:15:00,0.17
5130256,2,F04-1,2018-10-10 01:20:00,0.18
5130260,2,F04-1,2018-10-10 01:40:00,0.17
5130261,2,F04-1,2018-10-10 01:45:00,0.18
5130262,2,F04-1,2018-10-10 01:50:00,0.19
5130464,2,F04-1,2018-10-10 18:40:00,0.17
5130466,2,F04-1,2018-10-10 18:50:00,0.18
5130468,2,F04-1,2018-10-10 19:00:00,0.17
5130477,2,F04-1,2018-10-10 19:45:00,0.17
5130478,2,F04-1,2018-10-10 19:50:00,0.18
5130489,2,F04-1,2018-10-10 20:45:00,0.17
5130490,2,F04-1,2018-10-10 20:50:00,0.17
5130491,2,F04-1,2018-10-10 20:55:00,0.17
5130494,2,F04-1,2018-10-10 21:10:00,0.18
5130497,2,F04-1,2018-10-10 21:25:00,0.17
5130509,2,F04-1,2018-10-10 22:25:00,0.18
5130525,2,F04-1,2018-10-10 23:45:00,0.17
5130526,2,F04-1,2018-10-10 23:50:00,0.17
5130527,2,F04-1,2018-10-10 23:55:00,0.18
5130528,2,F04-1,2018-10-11 00:00:00,0.18
5130530,2,F04-1,2018-10-11 00:10:00,0.17
5130696,2,F04-1,2018-10-11 14:00:00,0.17
5130697,2,F04-1,2018-10-11 14:05:00,0.17
5130698,2,F04-1,2018-10-11 14:10:00,0.17
5130701,2,F04-1,2018-10-11 14:25:00,0.18
5130702,2,F04-1,2018-10-11 14:30:00,0.17
5130703,2,F04-1,2018-10-11 14:35:00,0.16
5130705,2,F04-1,2018-10-11 14:45:00,0.16
5130706,2,F04-1,2018-10-11 14:50:00,0.18
5130726,2,F04-1,2018-10-11 16:30:00,0.17
5130729,2,F04-1,2018-10-11 16:45:00,0.18
5130730,2,F04-1,2018-10-11 16:50:00,0.18
5131144,2,F04-1,2018-10-13 03:20:00,0.16
5131145,2,F04-1,2018-10-13 03:25:00,0.17
5131147,2,F04-1,2018-10-13 03:35:00,0.18
5131160,2,F04-1,2018-10-13 04:40:00,0.18
5131161,2,F04-1,2018-10-13 04:45:00,0.18
5131162,2,F04-1,2018-10-13 04:50:00,0.19
5131285,2,F04-1,2018-10-13 15:05:00,0.17
5131650,2,F04-1,2018-10-14 21:30:00,0.17
5131654,2,F04-1,2018-10-14 21:50:00,0.18
5131657,2,F04-1,2018-10-14 22:05:00,0.18
5131661,2,F04-1,2018-10-14 22:25:00,0.18
5131682,2,F04-1,2018-10-15 00:10:00,0.17
5131685,2,F04-1,2018-10-15 00:25:00,0.17
5131758,2,F04-1,2018-10-15 06:30:00,0.18
5131766,2,F04-1,2018-10-15 07:10:00,0.18
5131784,2,F04-1,2018-10-15 08:40:00,0.18
5131785,2,F04-1,2018-10-15 08:45:00,0.18
5131786,2,F04-1,2018-10-15 08:50:00,0.18
5131789,2,F04-1,2018-10-15 09:05:00,0.18
5131796,2,F04-1,2018-10-15 09:40:00,0.19
5131799,2,F04-1,2018-10-15 09:55:00,0.17
5131886,2,F04-1,2018-10-15 17:10:00,0.18
5131887,2,F04-1,2018-10-15 17:15:00,0.17
5131903,2,F04-1,2018-10-15 18:35:00,0.17
5135218,2,F04-1,2018-10-27 06:50:00,0.16
5136793,2,F04-1,2018-11-01 18:05:00,0.18
5136794,2,F04-1,2018-11-01 18:10:00,0.18
5136795,2,F04-1,2018-11-01 18:15:00,0.18
5136796,2,F04-1,2018-11-01 18:20:00,0.18
5136797,2,F04-1,2018-11-01 18:25:00,0.19
5136829,2,F04-1,2018-11-01 21:05:00,0.19
5136831,2,F04-1,2018-11-01 21:15:00,0.18
5136846,2,F04-1,2018-11-01 22:30:00,0.18
5136847,2,F04-1,2018-11-01 22:35:00,0.18
5136848,2,F04-1,2018-11-01 22:40:00,0.18
5136849,2,F04-1,2018-11-01 22:45:00,0.18
5136850,2,F04-1,2018-11-01 22:50:00,0.19
5136851,2,F04-1,2018-11-01 22:55:00,0.19
5136852,2,F04-1,2018-11-01 23:00:00,0.19
5136853,2,F04-1,2018-11-01 23:05:00,0.18
5136854,2,F04-1,2018-11-01 23:10:00,0.18
5136917,2,F04-1,2018-11-02 04:25:00,0.19
5136932,2,F04-1,2018-11-02 05:40:00,0.19
5136933,2,F04-1,2018-11-02 05:45:00,0.18
5137005,2,F04-1,2018-11-02 11:45:00,0.19
5137011,2,F04-1,2018-11-02 12:15:00,0.18
5137016,2,F04-1,2018-11-02 12:40:00,0.19
5137018,2,F04-1,2018-11-02 12:50:00,0.18
5137019,2,F04-1,2018-11-02 12:55:00,0.17
5137020,2,F04-1,2018-11-02 13:00:00,0.18
5137022,2,F04-1,2018-11-02 13:10:00,0.19
5137023,2,F04-1,2018-11-02 13:15:00,0.19
5137024,2,F04-1,2018-11-02 13:20:00,0.18
5137025,2,F04-1,2018-11-02 13:25:00,0.18
5137026,2,F04-1,2018-11-02 13:30:00,0.19
5137027,2,F04-1,2018-11-02 13:35:00,0.19
5137045,2,F04-1,2018-11-02 15:05:00,0.18
5137046,2,F04-1,2018-11-02 15:10:00,0.18
5137047,2,F04-1,2018-11-02 15:15:00,0.18
5137067,2,F04-1,2018-11-02 16:55:00,0.19
5137307,2,F04-1,2018-11-03 12:55:00,0.19
5137316,2,F04-1,2018-11-03 13:40:00,0.19
5137355,2,F04-1,2018-11-03 16:55:00,0.19
5137356,2,F04-1,2018-11-03 17:00:00,0.19
5137357,2,F04-1,2018-11-03 17:05:00,0.18
5137358,2,F04-1,2018-11-03 17:10:00,0.17
5137359,2,F04-1,2018-11-03 17:15:00,0.18
5137360,2,F04-1,2018-11-03 17:20:00,0.19
5137361,2,F04-1,2018-11-03 17:25:00,0.19
5137363,2,F04-1,2018-11-03 17:35:00,0.17
5137365,2,F04-1,2018-11-03 17:45:00,0.2
5137366,2,F04-1,2018-11-03 17:50:00,0.19
5137656,2,F04-1,2018-11-04 18:00:00,0.2
5137858,2,F04-1,2018-11-05 10:50:00,0.18
5137859,2,F04-1,2018-11-05 10:55:00,0.19
5137870,2,F04-1,2018-11-05 11:50:00,0.2
5137871,2,F04-1,2018-11-05 11:55:00,0.2
5137873,2,F04-1,2018-11-05 12:05:00,0.19
5137874,2,F04-1,2018-11-05 12:10:00,0.18
5137956,2,F04-1,2018-11-05 19:00:00,0.18
5137957,2,F04-1,2018-11-05 19:05:00,0.18
5137958,2,F04-1,2018-11-05 19:10:00,0.19
5137959,2,F04-1,2018-11-05 19:15:00,0.19
5137960,2,F04-1,2018-11-05 19:20:00,0.19
5140715,2,F04-1,2018-11-15 08:55:00,0.18
5140716,2,F04-1,2018-11-15 09:00:00,0.18
5140838,2,F04-1,2018-11-15 19:10:00,0.17
5140839,2,F04-1,2018-11-15 19:15:00,0.17
5140841,2,F04-1,2018-11-15 19:25:00,0.17
5140842,2,F04-1,2018-11-15 19:30:00,0.17
5140845,2,F04-1,2018-11-15 19:45:00,0.17
5140846,2,F04-1,2018-11-15 19:50:00,0.17
5140849,2,F04-1,2018-11-15 20:05:00,0.17
5140850,2,F04-1,2018-11-15 20:10:00,0.17
5140854,2,F04-1,2018-11-15 20:30:00,0.17
5141487,2,F04-1,2018-11-18 01:15:00,0.17
5141496,2,F04-1,2018-11-18 02:00:00,0.17
5141502,2,F04-1,2018-11-18 02:30:00,0.17
5141503,2,F04-1,2018-11-18 02:35:00,0.17
5141512,2,F04-1,2018-11-18 03:20:00,0.17
5141514,2,F04-1,2018-11-18 03:30:00,0.17
5141515,2,F04-1,2018-11-18 03:35:00,0.17
5141842,2,F04-1,2018-11-19 06:50:00,0.17
5141843,2,F04-1,2018-11-19 06:55:00,0.17
5141867,2,F04-1,2018-11-19 08:55:00,0.17
5145913,2,F04-1,2018-12-03 10:05:00,0.18
5145914,2,F04-1,2018-12-03 10:10:00,0.18
5145918,2,F04-1,2018-12-03 10:30:00,0.18
5145919,2,F04-1,2018-12-03 10:35:00,0.18
5145920,2,F04-1,2018-12-03 10:40:00,0.18
5145987,2,F04-1,2018-12-03 16:15:00,0.18
5145990,2,F04-1,2018-12-03 16:30:00,0.18
5145991,2,F04-1,2018-12-03 16:35:00,0.18
5145992,2,F04-1,2018-12-03 16:40:00,0.18
5147079,2,F04-1,2018-12-07 11:15:00,0.18
5147080,2,F04-1,2018-12-07 11:20:00,0.18
5147081,2,F04-1,2018-12-07 11:25:00,0.18
5147082,2,F04-1,2018-12-07 11:30:00,0.18
5147090,2,F04-1,2018-12-07 12:10:00,0.18
5147095,2,F04-1,2018-12-07 12:35:00,0.18
5147096,2,F04-1,2018-12-07 12:40:00,0.18
5147097,2,F04-1,2018-12-07 12:45:00,0.18
5147098,2,F04-1,2018-12-07 12:50:00,0.18
5147101,2,F04-1,2018-12-07 13:05:00,0.18
5147104,2,F04-1,2018-12-07 13:20:00,0.18
5147106,2,F04-1,2018-12-07 13:30:00,0.18
5147107,2,F04-1,2018-12-07 13:35:00,0.18
5147108,2,F04-1,2018-12-07 13:40:00,0.18
5147110,2,F04-1,2018-12-07 13:50:00,0.18
5147113,2,F04-1,2018-12-07 14:05:00,0.18
5147114,2,F04-1,2018-12-07 14:10:00,0.18
5147115,2,F04-1,2018-12-07 14:15:00,0.18
5147116,2,F04-1,2018-12-07 14:20:00,0.18
5147117,2,F04-1,2018-12-07 14:25:00,0.18
5147120,2,F04-1,2018-12-07 14:40:00,0.18
5147121,2,F04-1,2018-12-07 14:45:00,0.18
5147122,2,F04-1,2018-12-07 14:50:00,0.18
5147126,2,F04-1,2018-12-07 15:10:00,0.18
5147127,2,F04-1,2018-12-07 15:15:00,0.18
5147130,2,F04-1,2018-12-07 15:30:00,0.18
5147132,2,F04-1,2018-12-07 15:40:00,0.18
5147134,2,F04-1,2018-12-07 15:50:00,0.18
5147139,2,F04-1,2018-12-07 16:15:00,0.18
5147140,2,F04-1,2018-12-07 16:20:00,0.18
5147142,2,F04-1,2018-12-07 16:30:00,0.18
5147143,2,F04-1,2018-12-07 16:35:00,0.18
5147144,2,F04-1,2018-12-07 16:40:00,0.18
5147147,2,F04-1,2018-12-07 16:55:00,0.18
5147152,2,F04-1,2018-12-07 17:20:00,0.18
5147158,2,F04-1,2018-12-07 17:50:00,0.18
5147159,2,F04-1,2018-12-07 17:55:00,0.18
5147160,2,F04-1,2018-12-07 18:00:00,0.18
5147161,2,F04-1,2018-12-07 18:05:00,0.18
5147162,2,F04-1,2018-12-07 18:10:00,0.18
5147165,2,F04-1,2018-12-07 18:25:00,0.18
5147167,2,F04-1,2018-12-07 18:35:00,0.18
5147553,2,F04-1,2018-12-09 02:45:00,0.18
5147554,2,F04-1,2018-12-09 02:50:00,0.18
5147555,2,F04-1,2018-12-09 02:55:00,0.18
5147613,2,F04-1,2018-12-09 07:45:00,0.18
5147626,2,F04-1,2018-12-09 08:50:00,0.18
5147627,2,F04-1,2018-12-09 08:55:00,0.18
5147631,2,F04-1,2018-12-09 09:15:00,0.18
5147632,2,F04-1,2018-12-09 09:20:00,0.18
5147696,2,F04-1,2018-12-09 14:40:00,0.18
5147697,2,F04-1,2018-12-09 14:45:00,0.18
5147699,2,F04-1,2018-12-09 14:55:00,0.18
5147700,2,F04-1,2018-12-09 15:00:00,0.18
5147702,2,F04-1,2018-12-09 15:10:00,0.18
5147703,2,F04-1,2018-12-09 15:15:00,0.18
5147706,2,F04-1,2018-12-09 15:30:00,0.18
5147768,2,F04-1,2018-12-09 20:40:00,0.18
5147769,2,F04-1,2018-12-09 20:45:00,0.18
5147770,2,F04-1,2018-12-09 20:50:00,0.18
5147771,2,F04-1,2018-12-09 20:55:00,0.18
5147772,2,F04-1,2018-12-09 21:00:00,0.18
5147775,2,F04-1,2018-12-09 21:15:00,0.18
5147777,2,F04-1,2018-12-09 21:25:00,0.18
5147780,2,F04-1,2018-12-09 21:40:00,0.18
5147792,2,F04-1,2018-12-09 22:40:00,0.18
5147796,2,F04-1,2018-12-09 23:00:00,0.18
5147798,2,F04-1,2018-12-09 23:10:00,0.18
5147800,2,F04-1,2018-12-09 23:20:00,0.18
5147801,2,F04-1,2018-12-09 23:25:00,0.18
5147813,2,F04-1,2018-12-10 00:25:00,0.18
5147814,2,F04-1,2018-12-10 00:30:00,0.18
5147822,2,F04-1,2018-12-10 01:10:00,0.18
5147824,2,F04-1,2018-12-10 01:20:00,0.18
5147825,2,F04-1,2018-12-10 01:25:00,0.18
5147827,2,F04-1,2018-12-10 01:35:00,0.18
5147828,2,F04-1,2018-12-10 01:40:00,0.18
5147837,2,F04-1,2018-12-10 02:25:00,0.18
5147842,2,F04-1,2018-12-10 02:50:00,0.18
5147910,2,F04-1,2018-12-10 08:30:00,0.18
5147924,2,F04-1,2018-12-10 09:40:00,0.18
5147939,2,F04-1,2018-12-10 10:55:00,0.18
5147942,2,F04-1,2018-12-10 11:10:00,0.18
5148184,2,F04-1,2018-12-11 07:20:00,0.16
5148271,2,F04-1,2018-12-11 14:35:00,0.18
5148272,2,F04-1,2018-12-11 14:40:00,0.18
5148277,2,F04-1,2018-12-11 15:05:00,0.18
5148278,2,F04-1,2018-12-11 15:10:00,0.18
5148279,2,F04-1,2018-12-11 15:15:00,0.18
5148280,2,F04-1,2018-12-11 15:20:00,0.18
5148282,2,F04-1,2018-12-11 15:30:00,0.18
5148284,2,F04-1,2018-12-11 15:40:00,0.18
5148285,2,F04-1,2018-12-11 15:45:00,0.18
5148288,2,F04-1,2018-12-11 16:00:00,0.18
5148289,2,F04-1,2018-12-11 16:05:00,0.18
5148296,2,F04-1,2018-12-11 16:40:00,0.18
5148298,2,F04-1,2018-12-11 16:50:00,0.18
5148299,2,F04-1,2018-12-11 16:55:00,0.18
5148301,2,F04-1,2018-12-11 17:05:00,0.18
5148304,2,F04-1,2018-12-11 17:20:00,0.18
5148792,2,F04-1,2018-12-13 10:00:00,0.18
5148796,2,F04-1,2018-12-13 10:20:00,0.18
5149452,2,F04-1,2018-12-15 17:00:00,0.19
5149453,2,F04-1,2018-12-15 17:05:00,0.19
5149455,2,F04-1,2018-12-15 17:15:00,0.19
5149457,2,F04-1,2018-12-15 17:25:00,0.19
5149458,2,F04-1,2018-12-15 17:30:00,0.19
5149536,2,F04-1,2018-12-16 00:00:00,0.19
5149547,2,F04-1,2018-12-16 00:55:00,0.19
5149605,2,F04-1,2018-12-16 05:45:00,0.19
5149607,2,F04-1,2018-12-16 05:55:00,0.19
5149608,2,F04-1,2018-12-16 06:00:00,0.19
5150796,2,F04-1,2018-12-20 09:00:00,0.19
5150842,2,F04-1,2018-12-20 12:50:00,0.19
5150843,2,F04-1,2018-12-20 12:55:00,0.19
5150845,2,F04-1,2018-12-20 13:05:00,0.19
5150846,2,F04-1,2018-12-20 13:10:00,0.19
5150847,2,F04-1,2018-12-20 13:15:00,0.19
5150848,2,F04-1,2018-12-20 13:20:00,0.19
5150850,2,F04-1,2018-12-20 13:30:00,0.19
5150870,2,F04-1,2018-12-20 15:10:00,0.19
5150979,2,F04-1,2018-12-21 00:15:00,0.18
5150982,2,F04-1,2018-12-21 00:30:00,0.18
5151008,2,F04-1,2018-12-21 02:40:00,0.18
5151009,2,F04-1,2018-12-21 02:45:00,0.18
5151142,2,F04-1,2018-12-21 13:50:00,0.18
5151144,2,F04-1,2018-12-21 14:00:00,0.18
5151157,2,F04-1,2018-12-21 15:05:00,0.18
5151186,2,F04-1,2018-12-21 17:30:00,0.18
5151187,2,F04-1,2018-12-21 17:35:00,0.18
5151191,2,F04-1,2018-12-21 17:55:00,0.18
5151192,2,F04-1,2018-12-21 18:00:00,0.18
5151195,2,F04-1,2018-12-21 18:15:00,0.18
5151249,2,F04-1,2018-12-21 22:45:00,0.18
5151268,2,F04-1,2018-12-22 00:20:00,0.18
5151269,2,F04-1,2018-12-22 00:25:00,0.18
5151278,2,F04-1,2018-12-22 01:10:00,0.18
5151305,2,F04-1,2018-12-22 03:25:00,0.18
5151306,2,F04-1,2018-12-22 03:30:00,0.18
5151323,2,F04-1,2018-12-22 04:55:00,0.18
5151324,2,F04-1,2018-12-22 05:00:00,0.17
5151329,2,F04-1,2018-12-22 05:25:00,0.18
5151518,2,F04-1,2018-12-22 21:10:00,0.17
5151519,2,F04-1,2018-12-22 21:15:00,0.17
